<?xml version="1.0" encoding="UTF-8"?>
<GenRun Id="design_1_synth_1" LaunchPart="xc7a35ticsg324-1L" LaunchTime="1532996034">
  <File Type="VDS-TIMING-PB" Name="design_1_timing_summary_synth.pb"/>
  <File Type="VDS-TIMINGSUMMARY" Name="design_1_timing_summary_synth.rpt"/>
  <File Type="RDS-DCP" Name="design_1.dcp"/>
  <File Type="RDS-UTIL-PB" Name="design_1_utilization_synth.pb"/>
  <File Type="RDS-UTIL" Name="design_1_utilization_synth.rpt"/>
  <File Type="RDS-PROPCONSTRS" Name="design_1_drc_synth.rpt"/>
  <File Type="RDS-RDS" Name="design_1.vds"/>
  <File Type="REPORTS-TCL" Name="design_1_reports.tcl"/>
  <File Type="PA-TCL" Name="design_1.tcl"/>
  <FileSet Name="sources" Type="BlockSrcs" RelSrcDir="$PSRCDIR/design_1">
    <File Path="$PSRCDIR/sources_1/bd/design_1/design_1.bd">
      <FileInfo>
        <Attr Name="ImportPath" Val="$PPRDIR/../arty2018.8/arty2018.8.srcs/sources_1/bd/design_1/design_1.bd"/>
        <Attr Name="ImportTime" Val="1531178220"/>
        <Attr Name="UsedIn" Val="synthesis"/>
        <Attr Name="UsedIn" Val="implementation"/>
        <Attr Name="UsedIn" Val="simulation"/>
      </FileInfo>
    </File>
    <Config>
      <Option Name="TopModule" Val="design_1"/>
      <Option Name="UseBlackboxStub" Val="1"/>
    </Config>
  </FileSet>
  <FileSet Name="constrs_in" Type="BlockSrcs" RelSrcDir="$PSRCDIR/design_1">
    <File Path="$PSRCDIR/sources_1/bd/design_1/design_1.bd">
      <FileInfo>
        <Attr Name="ImportPath" Val="$PPRDIR/../arty2018.8/arty2018.8.srcs/sources_1/bd/design_1/design_1.bd"/>
        <Attr Name="ImportTime" Val="1531178220"/>
        <Attr Name="UsedIn" Val="synthesis"/>
        <Attr Name="UsedIn" Val="implementation"/>
        <Attr Name="UsedIn" Val="simulation"/>
      </FileInfo>
    </File>
    <Config>
      <Option Name="TopModule" Val="design_1"/>
      <Option Name="UseBlackboxStub" Val="1"/>
    </Config>
  </FileSet>
  <Strategy Version="1" Minor="2">
    <StratHandle Name="Vivado Synthesis Defaults" Flow="Vivado Synthesis 2018"/>
    <Step Id="synth_design"/>
  </Strategy>
</GenRun>
